2019-03-05 01:17:07,"@durov @telegram @telegram_br 

Suggestion: a pencil here to edit texts would be nice. ",B
2019-03-05 01:17:08,"@BABB_Lovers @telegram Just wondering if to pick up some more #Bax at these prices ? 
1k will buy approx 6.5 million #Bax  ",None
2019-03-05 01:32:53,"@pmnordkvist Consider @Telegram as a better, more secure alternative to @WhatsApp , which is owned by.... well I think you know who owns Whatsapp. ;-)",None
2019-03-05 02:06:49,@JamesSpediacci @muneeb @telegram @AndraCapital @MineFilecoin @dfinity @polkadotnetwork @OrchidProtocol @orbs_network @hashgraph @Algorand @cosmos @blockstack @CoinMarketCap What good is an illiquid token in the hands of 800 accredited investors?,None
2019-03-05 02:08:29,RT @anthonykudaev: #TRONICS u re #kidding me in @telegram chat. U thinks its fucking fun? ,None
2019-03-05 02:30:43,RT @AfriFintech: .@facebook @telegram and @signalapp rolling out new #cryptocurrencies over the next year to allow users to send money to c,F
2019-03-05 03:24:20,"RT @BABB_Lovers: @OlexKP @telegram yes, and  FsTech finalist for Blockchain Project of the Year
",None
2019-03-05 03:24:50,"RT @OlexKP: @BABB_Lovers @telegram Just wondering if to pick up some more #Bax at these prices ? 
1k will buy approx 6.5 million #Bax ",None
2019-03-05 03:47:34,@GrantCardone I think you have a faker on @telegram. Thought youd want to know. He went silent when I asked for a call since weve talked on the phone so I know your voice. ,None
2019-03-05 03:52:33,"#Announcement

The first edited version of the text-only whitepaper, version 0.9.9b has been uploaded in the @Telegram group 

Later in the day it will get updated on the websites.

Feedback Welcome!

#ViisiitCoin #Blockchain #Whitepaper #PrePrivateSale",None
2019-03-05 04:04:47,"Dear Telegram Telegram application has not been working for me for a month now, what should I do? @telegram @durov",None
2019-03-05 04:07:11,"@telegram Please, add ""disable forwarding"" ""enable forwarding"" functions to Telegram BOT. 
We are running a commercial BOT which charges little amount of money, and we want to make sure that users cannot forward the purchased messages (including video/audiomaterials).",None
2019-03-05 04:12:41,"RT @nerdycappuccino: #Poll When it comes to #corporate internal team #messaging, do you think companies should strictly use @Slack / @Flock",None
2019-03-05 04:26:17,RT @telegram: Oh and the source code for Telegram 5.4 for iOS and Android is of course available on GitHub ,None
2019-03-05 04:31:21,"RT @JamesSpediacci: 1/ A list of blockchain projects that haven't released tokens to investors:

@telegram (TON)
@AndraCapital (Silicon Val",B
2019-03-05 04:36:55,"you win, @telegram ",None
2019-03-05 05:35:03,"@OlexKP @BABB_Lovers @telegram So #BABB employs trolls too...

Thats a way saying "" am scam""",None
2019-03-05 05:45:18,@NukaColaCaps @telegram I think WhatsApp is the best because telegram just chatting app.,None
2019-03-05 06:15:20,@singularity_net You guys banned me from your @telegram for no reason. I was only helping to build the community through casual discussion ...,U
2019-03-05 07:17:39,RT @telegram: @bilamani_a You misunderstood: I actually meant what I said. The last release of the iOS app already had some drafts of this.,None
2019-03-05 07:57:04,@telegram hi. telegram channel invite link is not working while using 4G LTE from @reliancejio @JioCare why is it so? can you please do something about it,U
2019-03-05 07:59:45,RT @telegram: @bilamani_a You misunderstood: I actually meant what I said. The last release of the iOS app already had some drafts of this.,None
2019-03-05 08:00:52,"Greats news!!!  MMMGW already started an event!
MMMGW is the only PIONEER, AUTOMATED, ADVANCED TECHNOLOGY
AND SECURED SYSTEM COMMUNITY IN THE WORLD BE PART OF MY TEAM &amp; GROW YOUR BITCOIN UP TO 30% BONUS
CLICK the link Below
 
Contact me @TELEGRAM - @Djrons ",None
2019-03-05 08:02:01,"@tron_dice @telegram Tron link time time n roll dices twice. Twice,  roll link and Di twice. Baba.",F
2019-03-05 08:02:37,"Greats new MMMGW already started to have an event!
MMMGW is the only PIONEER, AUTOMATED, ADVANCED TECHNOLOGY
AND SECURED SYSTEM COMMUNITY IN THE WORLD BE PART OF MY TEAM &amp; GROW YOUR BITCOIN UP TO 30% BONUS
 
Contact me @TELEGRAM - @Djrons ",None
2019-03-05 08:11:45,"RT @Ar64017255: Greats news!!!  MMMGW already started an event!
MMMGW is the only PIONEER, AUTOMATED, ADVANCED TECHNOLOGY
AND SECURED SYSTE",None
2019-03-05 08:15:44,RT @telegram: @bilamani_a You misunderstood: I actually meant what I said. The last release of the iOS app already had some drafts of this.,None
2019-03-05 08:19:27,"RT @IfiMonitoring: #ifimonitoring
Pro #ISIS group shares this infographic on @telegram calling on #IS supporters to spread official materia",None
2019-03-05 08:20:20,@telegram @TelegramBeta @bilamani_a Good! Keep up with the good work! ,None
2019-03-05 08:26:41,"Hey, @telegram I can't playing any downloaded video on IPhone  , it plays two seconds then stops... ",None
2019-03-05 08:50:15,"If I had to decide I'd put the same rule on @WhatsApp
@facebook @hikeapp @telegram &amp;other such social media websites just to stop fake news,bad comments, unnecessary aggression &amp; more! @mekartikshah #stopfakenews
  ",None
2019-03-05 08:52:59,"@telegram @bilamani_a That's great news indeed! Just hope accessing the Record button for voice-recording, adding pictures, message forwarding, replying to individual messages in a thread, message deletion, and so forth are supported for use with VoiceOver.",None
2019-03-05 08:53:34,RT @telegram: @bilamani_a You misunderstood: I actually meant what I said. The last release of the iOS app already had some drafts of this.,None
2019-03-05 08:57:10,@telegram pleeeease help me fast ,None
2019-03-05 09:08:23,"@telegram 
good",None
2019-03-05 09:09:03,"@telegram Telegram is nice, but when I search ""apple"", the result only shows ""apple jam"" and doesn't show ""myapple"". Engineerly speaking, TELEGRAM does not support PARTIAL MATCHING in search. Other instant messaging apps support partial matching. :(",F
2019-03-05 09:24:15,@telegram I am very happy.,None
2019-03-05 09:28:52,"@telegram Does Telegram have an email address for accessibility issues, a group, an agency that we can contact?
Sometimes I am having problems with wp.",B
2019-03-05 09:35:11,".@facebook and @telegram Are Hoping to Succeed Where #bitcoin Failed 
",None
2019-03-05 09:44:00,"RT @laurentlequien: .@facebook and @telegram Are Hoping to Succeed Where #bitcoin Failed 
",None
2019-03-05 09:55:59,"#BitcoinCash (#BCH) can now be tipped instantly and without fees on @telegram! 

 #bitcoin #bitcoincash #bch #btc #fintch #socialmedia #tipping #payment #fintech",None
2019-03-05 10:09:18,"Hey @telegram Im using your app more and more each day. 

97% contacts are now are on there!

The other 3% is parents and grandparents  traditional txts there still!

Seen as your awesome and already have the option to pin 5 why not make it better &amp; pin a whole screen worth?",None
2019-03-05 10:09:54,"RT @matt_cimelli: Hey @telegram Im using your app more and more each day. 

97% contacts are now are on there!

The other 3% is parents an",None
2019-03-05 10:12:05,"@telegram Is there a way to see notifications, specific messages, or direct messages? I have a ton of active groups and friends. and the order is constantly changing. I'm never able to read messages or notifications.",F
2019-03-05 10:12:12,"RT @matt_cimelli: Hey @telegram Im using your app more and more each day. 

97% contacts are now are on there!

The other 3% is parents an",None
2019-03-05 10:12:41,@matt_cimelli @telegram That would be handy indeed #pinwholescreenworth,None
2019-03-05 10:35:54,@telegram Is this a proper place for feature requests? Will you enhance polls so that users cannot seen the results (not even percentages) and admins can see the voters names and their vote? I need this for private feedback in channels!,None
2019-03-05 10:37:50,"@telegram HI Team, I have an issue with telegram. do not know who that guy is but he is using my pic and creating big mess.",B
2019-03-05 10:38:40,@Telegram will support be added for changing the color of the navbar from black to white for example?,F
2019-03-05 10:40:02,"I saw in your tweet that the Samsung Navbar is white, although on a pure android 9 it is black in the application and it is not beautiful. @telegram",F
2019-03-05 10:42:00,"@telegram Hello, my account telegram has limited for uknown days, what must i do?
Please your respond
or email me sarifhidayat3098@gmail.com
Thankyou",None
2019-03-05 10:43:00,Facebook and Telegram are dipping their toes into the world of digital currency and customer #tokenisation. Introducing millions of mainstream consumers to the world of blockchain technology and transactions. #Cryptocurrency #LIFEtoken @facebook @telegram ,None
2019-03-05 10:45:52,".@blockchers website is up and running. Changes are still coming, but have a look at what we have right now  If you would like to get in touch with us and learn more about us, don't forget to subscribe to our @telegram channel  ",None
2019-03-05 10:54:22,"RT @blockchers: .@blockchers website is up and running. Changes are still coming, but have a look at what we have right now ",None
2019-03-05 10:54:23,"Anyone else experience issues with @telegram notifications lately? All notifications are enabled on Android and in the app, but messages don't show up until I open Telegram. I have like 20 new messages (excluding groups).
Sorry to anyone who wrote me and waited for a response",F
2019-03-05 10:55:51,"RT @baltazar223: Hey #xrparmy 

The @telegram Bot is ready to use .

you can send $XRP through #Telegram to any other user just by their us",U
2019-03-05 10:57:10,"@Asgra @telegram That has happend to me a few weeks ago, i reinstalled the app and its been fine since then! But now the autoplay gifs function keeps switching off &gt;~&gt;",F
2019-03-05 11:01:59,"RT @blockchers: .@blockchers website is up and running. Changes are still coming, but have a look at what we have right now ",None
2019-03-05 11:03:56,"RT @matt_cimelli: Hey @telegram Im using your app more and more each day. 

97% contacts are now are on there!

The other 3% is parents an",None
2019-03-05 11:08:34,@telegram I have reported a channel for Fake Online deals multiple times and it still is working #HelpMe,B
2019-03-05 11:18:55,@telegram @bilamani_a This is grate; but how about telegram Messenger on MacOS?,None
2019-03-05 11:19:03,"Hi @telegram I didn't know this ""emoji-as-proof-call-is-100%-secure"" feature ever existed. Just discovered, and I'm hugely pleased. Thank you! ",None
2019-03-05 11:50:43,"@Privatecarfree @Ford @MollyMEP @carolecadwalla Yes, but it is difficult.
Whatsapp is sadly needed for work (I have a separate work phone) I use @telegram or hangouts for private things. And there are people who are uncontactable outside facebook.",None
2019-03-05 11:56:14,"RT @matt_cimelli: Hey @telegram Im using your app more and more each day. 

97% contacts are now are on there!

The other 3% is parents an",None
2019-03-05 12:01:01,.@telegram Hey there Telegram.  What are you doing about Pirates using your platform for Intellectual Property Theft? @CityPolicePIPCU @The_IPO,U
2019-03-05 12:01:56,"We're hiring #designers (damn we need them) , #PR-#professionals and #developers for our #project.

For more informations join our @telegram :


$AIQ $AIE $BTC #bitcoin #ltc #litecoin #cryptocurrency #altcoin #blockchain #news #socialmedia #AI #devel ",None
2019-03-05 12:03:50,"RT @artiqox: We're hiring #designers (damn we need them) , #PR-#professionals and #developers for our #project.

For more informations join",None
2019-03-05 12:05:25,@telegram facing issues with my telegram Id. Can u pls call me or message me.,U
2019-03-05 12:06:43,"RT @artiqox: We're hiring #designers (damn we need them) , #PR-#professionals and #developers for our #project.

For more informations join",None
2019-03-05 12:27:54,"RT @matt_cimelli: Hey @telegram Im using your app more and more each day. 

97% contacts are now are on there!

The other 3% is parents an",None
2019-03-05 12:29:48,@telegram I apologize about the delay in response but it still did not work. It shows where to delete and comes up with the proper warning about deletion but it does not clear off the other members phones. ,B
2019-03-05 12:30:26,"Mark Zuckerbergs Facebook is developing a crypto coin for remittances


#cryptocurrency @facebook @telegram @signalapp ",None
2019-03-05 12:42:11,"@telegram How can I stop a telegram channel from posting abusing content? report button is't work, abuse@telegram.org isnt replying to me. what should I do?",None
2019-03-05 12:43:12,@telegram could you block the telegram channel?,None
2019-03-05 12:46:58,"@LIFElabsHQ @facebook @telegram Meanwhile, LIFElabs are working like trojans behind the scene, simply for everyday people !",U
2019-03-05 12:54:20,"Hey @telegram (or @durov ) why some of Bots are not available in iOS, while they're available in Android?!

@madensit",None
2019-03-05 13:04:15,@Stairs2P Hey @telegram can u help?,None
2019-03-05 13:11:48,RT @telegram: Oh and the source code for Telegram 5.4 for iOS and Android is of course available on GitHub ,None
2019-03-05 13:20:06,"@telegram
Hello, can you help me?
I'm translating the Uyghur language.
Uyghur language is RTL language",None
2019-03-05 13:20:31,"RT @Egon_01: #BitcoinCash (#BCH) can now be tipped instantly and without fees on @telegram! 

 #bitcoin #bitcoincash",None
2019-03-05 13:28:54,"We just integrated @KyberNetwork #KyberWidget to accept #crypto payments for Chainfuel PRO! Now you can pay for premium @telegram analytics, CRM, and engagement tools with #ERC20 tokens! Check it out   ",None
2019-03-05 13:41:54,"RT @artiqox: We're hiring #designers (damn we need them) , #PR-#professionals and #developers for our #project.

For more informations join",None
2019-03-05 13:43:34,RT @LIFElabsHQ: Facebook and Telegram are dipping their toes into the world of digital currency and customer #tokenisation. Introducing mil,None
2019-03-05 13:51:02,RT @Chainfuel: We just integrated @KyberNetwork #KyberWidget to accept #crypto payments for Chainfuel PRO! Now you can pay for premium @tel,None
2019-03-05 14:10:45,"@telegram I just want to suggest an option to allow the users silence a group/contact completely, I mean, stay in a group but don't receive notifications or see bubble notifications when someone sends a message into that group.
Will be really appreciated!",F
2019-03-05 14:13:32,@Asgra @telegram I thought it was my phone's settings that were fucking this up but now you make me doubt!,None
2019-03-05 14:22:01,"RT @artiqox: We're hiring #designers (damn we need them) , #PR-#professionals and #developers for our #project.

For more informations join",None
2019-03-05 14:23:56,"@Free_____Shadow Mail:@gmail
Video/Streaming:@YouTube/@bilibili_en
SNS:@Twitter/@telegram/@WeChatApp
Browser:@mozilla's @firefox ,@ChromiumDev 
SearchEngine:@DuckDuckGo",None
2019-03-05 14:24:08,"RT @artiqox: We're hiring #designers (damn we need them) , #PR-#professionals and #developers for our #project.

For more informations join",None
2019-03-05 14:24:57,"@telegramdesktop @telegram desktop for mac v1.5.15 
On MacOS 10.14.4 Beta (18E205e)
if you resize telegram window , it goes all gray",None
2019-03-05 14:27:23,"Hey @telegram Is there a way to get these ""this person has joined Telegram"" notifications to stop? I've done everything I could think of in the notif settings but they keep coming. ",F
2019-03-05 14:31:33,RT @telegram: Oh and the source code for Telegram 5.4 for iOS and Android is of course available on GitHub ,None
2019-03-05 14:35:24,@tobelegit @telegram I think you got it backwards ,None
2019-03-05 14:39:44,"RT @artiqox: We're hiring #designers (damn we need them) , #PR-#professionals and #developers for our #project.

For more informations join",None
2019-03-05 14:44:31,"RT @artiqox: We're hiring #designers (damn we need them) , #PR-#professionals and #developers for our #project.

For more informations join",None
2019-03-05 14:47:51,"RT @artiqox: We're hiring #designers (damn we need them) , #PR-#professionals and #developers for our #project.

For more informations join",None
2019-03-05 14:54:48,"RT @artiqox: We're hiring #designers (damn we need them) , #PR-#professionals and #developers for our #project.

For more informations join",None
2019-03-05 14:54:51,"@telegram hello , My user can not join any group, how to resolve?",U
2019-03-05 15:02:33,"RT @artiqox: We're hiring #designers (damn we need them) , #PR-#professionals and #developers for our #project.

For more informations join",None
2019-03-05 15:08:58,"@telegram today one member leaved 2 groups, in one of the groups we received his left message, but in the other we have no message but him is not on the member list, how it is posible?",None
2019-03-05 15:09:47,RT @LIFElabsHQ: Facebook and Telegram are dipping their toes into the world of digital currency and customer #tokenisation. Introducing mil,None
2019-03-05 15:21:26,RT @LIFElabsHQ: Facebook and Telegram are dipping their toes into the world of digital currency and customer #tokenisation. Introducing mil,None
2019-03-05 15:23:59,@ThePunisher098 @facebook @telegram Hello @ThePunisher098 Here at LIFE HQ we're passionate about our followers. They come from over 163 countries and counting and we do our utmost to reply to each and everyone of them - personally. We love all forms of wit and repertoire. Come chat to us directly: info@lifelabs.io,None
2019-03-05 15:36:14,"@telegram please, add a confirmation prompt before sending file via share on android. I just sent a personal file to a 456-persons group because the Android sharing screen moved that group's icon where I was tapping...",B
2019-03-05 15:42:17,"RT @artiqox: We're hiring #designers (damn we need them) , #PR-#professionals and #developers for our #project.

For more informations join",None
2019-03-05 16:09:29,"RT @SiliconCanals: Mark Zuckerbergs Facebook is developing a crypto coin for remittances


#cryptocurrency @faceboo",None
2019-03-05 16:11:16,@telegram I think #telegram should delete old contacts of user. That means you shouldnt anounce everytime my deleted contact joined in with the app.,B
2019-03-05 16:21:25,Hey @telegram any idea what those crosses mean? Couldnt find something about this on the web and they apear automatically over messages at random  ,None
2019-03-05 16:23:22,"RT @janerikasplund: 1/ Networks built on group messaging (@telegram, @discordapp, @findyourislands, @Nextdoor, etc.) avoid a lot of the pro",U
2019-03-05 16:24:09,"RT @artiqox: We're hiring #designers (damn we need them) , #PR-#professionals and #developers for our #project.

For more informations join",None
2019-03-05 16:28:05,"@ViberHelp @verntechguy @Viber Viber can better, take note from @telegram ",None
2019-03-05 16:28:28,"Henry @therealgoldbug1 @augischmitz  discuss #Bitcoin's drop below $3700, @facebook @telegram &amp; @signalapp are working on their own #cryptocurrencies , #DeleteCoinbase movement over @coinbase acquiring Neutrino. Plus #vacinnes &amp; #internet #censorship
 ",None
2019-03-05 16:28:41,"@telegram This group only had 6 persons, 5 now with this leave",None
2019-03-05 16:28:50,"RT @artiqox: We're hiring #designers (damn we need them) , #PR-#professionals and #developers for our #project.

For more informations join",None
2019-03-05 16:31:03,RT @Chainfuel: We just integrated @KyberNetwork #KyberWidget to accept #crypto payments for Chainfuel PRO! Now you can pay for premium @tel,None
2019-03-05 16:34:19,@telegram Thank you for getting back to me! DM sent.,None
2019-03-05 16:37:09,"@telegram Feature idea: What about a function for sending messages at a specific time? For example:
I find an interesting link at 02:30 in the night and want to share it with a friend.
With that, I could send that message at 09:00 and not disturb my friends beauty sleep :-)",B
2019-03-05 16:38:45,"@telegram @GinaRendonV keeps being asked to log out of the app in her iphone, we tried rebvooting, reinstalling the app and the problem still happens, can you help?",F
2019-03-05 16:40:21,RT @LIFElabsHQ: Facebook and Telegram are dipping their toes into the world of digital currency and customer #tokenisation. Introducing mil,None
2019-03-05 16:50:56,"The Cross Platform Chat Sync on @instagram is super slow and laggy , with @facebook @instagram  @WhatsApp  merging over coming years hope it will get fast and smooth as @telegram does it.   #Telegram ",None
2019-03-05 16:59:24,RT @Chainfuel: We just integrated @KyberNetwork #KyberWidget to accept #crypto payments for Chainfuel PRO! Now you can pay for premium @tel,None
2019-03-05 17:00:11,"@janerikasplund @gregisenberg @telegram @discordapp @findyourislands @Nextdoor Nice analysis!

The group messaging networks lack the zero sum status transactions inevitable from a feed-driven UX. 

Feed-driven = broadcasting = competition for attention = zero sum status game",None
2019-03-05 17:06:00,"#Facebook, #Telegram and #Signal are introducing digital coins to allow users to send money on their messaging systems 



@facebook @telegram ",B
2019-03-05 17:13:21,RT @Chainfuel: We just integrated @KyberNetwork #KyberWidget to accept #crypto payments for Chainfuel PRO! Now you can pay for premium @tel,None
2019-03-05 17:20:39,@EFF What about @telegram? They do exactly the same...,None
2019-03-05 17:23:06,@inwit_ @EFF @telegram Settings - Privacy and Security - Groups,None
2019-03-05 17:24:30,"RT @matt_cimelli: Hey @telegram Im using your app more and more each day. 

97% contacts are now are on there!

The other 3% is parents an",None
2019-03-05 17:25:00,"@telegram Hi. Telegram not working, about 3 hours... iOS. Last version",None
2019-03-05 17:34:29,"So @telegram, which was conveniently one of the rare service to not autoplay videos and now they proudly announce that they will introduce that ""feature"".
I was considering moving my family groups from Allo to Telegram, but come to think of it, maybe not then.",None
2019-03-05 17:41:42,@cld @telegram It can be disabled in [Settings - Data and Storage - Auto-play media],None
2019-03-05 17:45:09,"@edwak97 @EFF @telegram Thanks, but not exactly. For my contacts I can't decide not to be added to groups without asking. And even though my contacts are generally nice... it'd be good to let me decide. ",None
2019-03-05 17:48:22,"@edwak97 @telegram Better than nothing, still not good in terms of UX. That kind of disruptive behaviour shouldn't have to be opted out.
Plus if the videos are being muted by default, well it's not pertinent to have them autoplay. Waste of resources and users might miss part of them.",None
2019-03-05 17:57:33,@matt_cimelli @telegram Yes! Moar pins!!!,None
2019-03-05 18:13:44,"@telegram My telegram isn't sending new messeges, but i'm connected to my internet normally
Its just for me?",None
2019-03-05 18:27:10,RT @Chainfuel: We just integrated @KyberNetwork #KyberWidget to accept #crypto payments for Chainfuel PRO! Now you can pay for premium @tel,None
2019-03-05 19:02:03,"RT @IoT_Chain: IoT Chain will hold an AMA @telegram on 11th, March 2019.
Please submit your questions, comments, or concerns using the cont",None
2019-03-05 19:04:01,"@telegram Hello, my friends and I have been added to this group and this group encouraged us to add more friends to give us money in exchange for it.
And when we protested, it made us report.
Please check to see more facts",None
2019-03-05 19:09:18,@telegram This grupe is @adformony,None
2019-03-05 19:10:19,@telegram is there an iOS testflight beta where voiceover users  can provide feedback?,None
2019-03-05 19:13:23,@telegram this group is @adformony,None
2019-03-05 19:16:49,@Ghasemi62 @telegram Never add users to groups without their approval.,None
2019-03-05 19:20:14,"@telegram Hello, my friends and I have been added to this group and this group encouraged us to add more friends to give us money in exchange for it.
And when we protested, it made us report.
Please check to see more facts
This group is @adformony",None
2019-03-05 19:23:22,"@durov @alisonc42 @telegram Hello, my friends and I have been added to this group and this group encouraged us to add more friends to give us money in exchange for it.
And when we protested, it made us report.
Please check to see more facts
This group is @adformony",None
2019-03-05 19:25:27,"@telegram Hello The sourilaki ID is in my telegram. But I do not have access. On Twitter and the Instagram, this ID belongs to me. Is there a way to give it back to me? If so, turn it on for 9037134041 +98",None
2019-03-05 19:30:06,"RT @aLfriendo: Hey @telegram Is there a way to get these ""this person has joined Telegram"" notifications to stop? I've done everything I co",F
2019-03-05 19:38:50,"hey @telegram listen to my desperate squeals, lemme block individual sticker packs",B
2019-03-05 19:42:32,"@inwit_ @EFF @telegram Choose ""add exceptions"".",None
2019-03-05 19:44:38,"@telegram Some of my ""recent"" stickers keep popping up altough I haven't used them for months, they aren't event stickers but images who telegram changed to stickers automatically, i like to remove them but I can't and they keep popping up every few weeks at random.
Any ideas?",B
2019-03-05 19:53:56,"@telegram Hi, I recently sent a Support message through on your website to change the mobile number on my old Telegram account, I no longer have access to that SIM card as my phone is locked to a new network. Hope you can help, thanks!",None
2019-03-05 19:58:27,"@paper_li A8. Native social media platforms are working quite good, to my liking. Though, I see a big raise of communication via instant messaging platforms like @telegram, @whatsapp and fb messenger. #bizheroes",F
2019-03-05 19:58:58,"RT @PitchboxApp: @paper_li A8. Native social media platforms are working quite good, to my liking. Though, I see a big raise of communicati",None
2019-03-05 20:08:14,RT @telegram: #telegramtips Two green ticks near Telegram messages mean that the message was READ by the recipient.,None
2019-03-05 20:21:45,Messaging tool feature request: Show receipients current time based on which timezone they are in. Cc: @telegram,None
2019-03-05 20:32:19,@telegram iOS 12.2 beta 4 does not seem to like Quick Reply...,B
2019-03-05 20:55:22,"@telegram I cant answer messages via the quick reply feature on my iOS devices. This also affects the reply feature on my Apple Watch. I type in the answer, press send and it disappears without sending the message.",B
2019-03-05 20:55:23,"@telegram Happens on my iPhone XR running the iOS 12.2 beta, but also on my iPad running iOS 12.1.4. telegram version is 5.4.1 my watch is on the latest WatchOS Final.",B
2019-03-05 21:13:13,RT @utopiah:  Oh no... Im at a professional conference but I dont have business cards anymore. Worry not just point your phone camera to,None
2019-03-05 21:13:56,"RT @telegram: @nerdycappuccino @slack @Flock @WhatsApp You left me without an option to vote for. I mean, WhatsApp for internal team messag",None
2019-03-05 21:16:32,"@telegram reply through notification on iOS isnt working, does nothing.",B
2019-03-05 21:26:46,"6. @parachutetoken invention called Parjar, the best @telegram #cryptocurrency tipping bot getting into 4 new Telegram groups, such as @Ethos_io  and @fantomFDN. People have not heard of this great project, which is amazing, considering how cool it is. Send crypto for free!",None
2019-03-05 21:38:56,@kriptoprostak @telegram @Ethos_io @FantomFDN Cheers to that bud!,None
2019-03-05 21:48:32,"RT @kriptoprostak: 6. @parachutetoken invention called Parjar, the best @telegram #cryptocurrency tipping bot getting into 4 new Telegram g",None
2019-03-05 21:54:50,RT @solyarisoftware: Hi @durov! New @Telegram video auto-play feature is nice! And we also need #audio auto-play too (especially in #audio/,None
2019-03-05 22:32:30,@telegram And there wouldn't be any updates for Telegram X again. ,None
2019-03-05 22:38:05,RT @Chainfuel: We just integrated @KyberNetwork #KyberWidget to accept #crypto payments for Chainfuel PRO! Now you can pay for premium @tel,None
2019-03-05 22:52:17,RT @Chainfuel: We just integrated @KyberNetwork #KyberWidget to accept #crypto payments for Chainfuel PRO! Now you can pay for premium @tel,None
2019-03-05 23:16:21,"RT @matt_cimelli: Hey @telegram Im using your app more and more each day. 

97% contacts are now are on there!

The other 3% is parents an",None
2019-03-05 23:16:24,RT @Cryptocoiner256: @matt_cimelli @telegram Yes! Moar pins!!!,None
2019-03-05 23:16:37,"RT @JamesSpediacci: 1/ A list of blockchain projects that haven't released tokens to investors:

@telegram (TON)
@AndraCapital (Silicon Val",B
2019-03-05 23:19:13,RT @LIFElabsHQ: Facebook and Telegram are dipping their toes into the world of digital currency and customer #tokenisation. Introducing mil,None
2019-03-05 23:46:49,Check out this #Fedora install #script written by Tobias on the Fedora @telegram community  as seen on @Forbes.   ,None
2019-03-05 23:48:10,RT @fedora: Check out this #Fedora install #script written by Tobias on the Fedora @telegram community  as seen on @Forbes. ,None
2019-03-05 23:48:14,RT @fedora: Check out this #Fedora install #script written by Tobias on the Fedora @telegram community  as seen on @Forbes. ,None
2019-03-05 23:50:23,RT @LIFElabsHQ: Facebook and Telegram are dipping their toes into the world of digital currency and customer #tokenisation. Introducing mil,None
2019-03-05 23:59:39,"RT @Sesivany: Wow, @fedora group ( on @telegram has reached 2000 members.  And originally it was just an ad hoc gr",None
2019-03-06 00:03:49,@telegram My account was restricted even though I haven't PM'd anybody nor did I ever send any spam. Is there any way to have a look at which message's got reported and appeal?,F
2019-03-06 00:46:24,#OpenSAPS - Open Slack API Server in #Golang which allows you to connect almost anything that can send messages to Slack via webhook to your (for now) @matrixdotorg or @telegram chat: ,F
2019-03-06 00:48:13,RT @fedora: Check out this #Fedora install #script written by Tobias on the Fedora @telegram community  as seen on @Forbes. ,None
2019-03-06 00:50:03,RT @pztrn: #OpenSAPS - Open Slack API Server in #Golang which allows you to connect almost anything that can send messages to Slack via web,F
2019-03-06 00:55:24,RT @fedora: Check out this #Fedora install #script written by Tobias on the Fedora @telegram community  as seen on @Forbes. ,None
2019-03-06 01:01:00,Check out this #Fedora install #script written by Tobias on the Fedora @telegram community  as seen on @Forbes.   ,None
2019-03-06 01:04:57,RT @pztrn: #OpenSAPS - Open Slack API Server in #Golang which allows you to connect almost anything that can send messages to Slack via web,F
2019-03-06 01:19:04,"You can #buy or #sell #SCAVO #token on @graviex_net 
Join the #sustainable #crypto #mining #farm and start earning pasive income.

  

Join our @telegram group!
#sustainable #crypto #cryptocurrency #CryptoNews",None
2019-03-06 01:24:33,RT @fedora: Check out this #Fedora install #script written by Tobias on the Fedora @telegram community  as seen on @Forbes. ,None
2019-03-06 01:31:08,RT @LIFElabsHQ: Facebook and Telegram are dipping their toes into the world of digital currency and customer #tokenisation. Introducing mil,None
2019-03-06 02:07:00,@telegram certain chats have stopped showing up anymore. There are important files in the chat. Is there any way I can get them back?,None
2019-03-06 02:26:34,"It should take @QoinPro 30 minutes to verify your @Telegram account and 7 days for your @Facebook account. If you do not receive the tokens after this period, please contact the #QoinPro support team at: support@qoinpro.com #airdrop #PLANToken #plannerscape",F
2019-03-06 02:32:08,@telegram my account being hijacked anyone can help me. Super top urgent,None
2019-03-06 03:03:07,RT @Chainfuel: We just integrated @KyberNetwork #KyberWidget to accept #crypto payments for Chainfuel PRO! Now you can pay for premium @tel,None
2019-03-06 03:05:03,"Wish @telegram wouldnt exclaim on my way automatically when i type it, i dont talk like that",F
2019-03-06 03:16:04,"Telegram installed!  

I have really been loving @telegram lately!  Tons of smart crypto people there all working on awesome stuff.  You can see my pinned groups.  (Lots of work on $xDAI lately ) ",U
2019-03-06 03:29:20,"@GoonerificShen @telegram if it is an iphone thing, it may explain alot, but i guess i only use telegram now anyway",None
2019-03-06 03:40:40,RT @pztrn: #OpenSAPS - Open Slack API Server in #Golang which allows you to connect almost anything that can send messages to Slack via web,F
2019-03-06 03:43:00,RT @fedora: Check out this #Fedora install #script written by Tobias on the Fedora @telegram community  as seen on @Forbes. ,None
2019-03-06 03:45:37,RT @fedora: Check out this #Fedora install #script written by Tobias on the Fedora @telegram community  as seen on @Forbes. ,None
2019-03-06 03:49:15,RT @Chainfuel: We just integrated @KyberNetwork #KyberWidget to accept #crypto payments for Chainfuel PRO! Now you can pay for premium @tel,None
2019-03-06 04:58:06,"@telegram HI
I NEED HELP MY TELEGRAM IS REPORTED BY ENEMY ACCOUNTS",None
2019-03-06 05:03:52,RT @fedora: Check out this #Fedora install #script written by Tobias on the Fedora @telegram community  as seen on @Forbes. ,None
2019-03-06 05:13:51,RT @pztrn: #OpenSAPS - Open Slack API Server in #Golang which allows you to connect almost anything that can send messages to Slack via web,F
2019-03-06 05:14:55,RT @fedora: Check out this #Fedora install #script written by Tobias on the Fedora @telegram community  as seen on @Forbes. ,None
